n,c,car,age,prate,lcl,ucl
500,42,small,1,0.0715978046,0.0552980844,0.0927020471
1200,37,medium,1,0.0358121304,0.027960026,0.0458693666
100,1,large,1,0.0122654142,0.0069916905,0.0215170258
400,101,small,2,0.2680027445,0.2245397002,0.3198787162
500,73,medium,2,0.1340508873,0.1082373218,0.1660207411
300,14,large,2,0.0459115286,0.0276655314,0.076191143
