n,c,car,age,carnum,ln,Predicted,StdErr,LCLM,UCLM
500,42,small,1,1,6.2146080984,35.798902308,4.718348121,27.649042205,46.351023553
1200,37,medium,1,2,7.0900768358,42.974556495,5.4269711251,33.552031255,55.043239911
100,1,large,1,3,4.605170186,1.2265414157,0.3517366591,0.6991690495,2.1517025756
400,101,small,2,1,5.9914645471,107.20109778,9.6780682196,89.815880065,127.9514865
500,73,medium,2,2,6.2146080984,67.025443633,7.3145678431,54.118660884,83.010370561
300,14,large,2,3,5.7037824747,13.773458587,3.5595836623,8.2996594219,22.857342911
