n,c,car,age,carnum,nlog,pcount,xb,std
500,42,small,1,1,6.2146080984,35.798902308,3.5779172312,0.1318014748
1200,37,medium,1,2,7.0900768358,42.974556495,3.7606082311,0.1262833539
100,1,large,1,3,4.605170186,1.2265414157,0.2041983516,0.286771123
400,101,small,2,1,5.9914645471,107.20109778,4.6747064891,0.0902795626
500,73,medium,2,2,6.2146080984,67.025443633,4.205072303,0.1091312112
300,14,large,2,3,5.7037824747,13.773458587,2.6227434495,0.2584378963
